dataset,protocol,method,n,macro_f1_mean,macro_f1_std,weighted_f1_mean,weighted_f1_std,auroc_mean,auroc_std,pr_auc_mean,pr_auc_std,far_mean,far_std,mdr_mean,mdr_std,far_at_95_recall_mean,far_at_95_recall_std,train_time_sec_mean,train_time_sec_std,inference_time_sec_mean,inference_time_sec_std,cpu_latency_ms_mean,cpu_latency_ms_std,gpu_latency_ms_mean,gpu_latency_ms_std,model_size_mb_mean,model_size_mb_std
IMAD-DS BrushlessMotor,brushless_main_binary_if_valid,IsolationForest,5,0.5699959744141958,0.027515659054273008,0.5699959744141958,0.02751565905427306,0.5285599999999999,0.06416453849284669,0.48423018383673544,0.0429179713902917,0.692,0.046043457732885346,0.088,0.05585696017507578,0.7120000000000001,0.05585696017507577,0.1663322533946484,0.010015682477516375,0.00520050101913504,0.0007464203806350747,0.05200501019135114,0.007464203806350703,,,0.05,0.0
IMAD-DS BrushlessMotor,brushless_main_binary_if_valid,LightGBM,5,0.9136708610486396,0.03393675919126955,0.9136708610486396,0.033936759191269594,0.9654,0.012557069721873825,0.9762988028137762,0.0056601546365846545,0.096,0.09316651759081691,0.076,0.03847076812334269,0.2,0.15748015748023622,0.06982099302113051,0.0012425263511025152,0.0015348743880167202,0.0003809661689631393,0.01534874388016758,0.0038096616896312824,,,1.0,0.0
IMAD-DS BrushlessMotor,brushless_main_binary_if_valid,RandomForest,5,0.9639518419973369,0.02613232622098563,0.9639518419973369,0.02613232622098563,0.99644,0.0026773120849090466,0.9963599223337273,0.002739361945265748,0.044,0.04560701700396552,0.027999999999999997,0.033466401061363026,0.036,0.026076809620810593,0.1395350356120616,0.004397437705346809,0.03743271778803312,0.00581386369856049,0.3743271778803319,0.058138636985605056,,,1.0,0.0
IMAD-DS BrushlessMotor,brushless_main_binary_if_valid,XGBoost,5,0.919754408296766,0.02939150467561535,0.919754408296766,0.02939150467561543,0.97384,0.01021606577895817,0.9814681170848768,0.00790022826986392,0.068,0.06099180272790763,0.092,0.06260990336999411,0.11600000000000002,0.08648699324175861,0.043833774398080956,0.001966251637896097,0.00127493559848512,8.589802227049164e-05,0.01274935598485168,0.0008589802227048981,,,1.0,0.0
IMAD-DS BrushlessMotor,brushless_missing_sensor_if_meaningful,IsolationForest,5,0.5699959744141958,0.027515659054273008,0.5699959744141958,0.02751565905427306,0.5285599999999999,0.06416453849284669,0.48423018383673544,0.0429179713902917,0.692,0.046043457732885346,0.088,0.05585696017507578,0.7120000000000001,0.05585696017507577,0.16216132440604264,0.005042753114807951,0.00515582000371064,0.0012174644137098252,0.05155820003710684,0.012174644137098175,,,0.05,0.0
IMAD-DS BrushlessMotor,brushless_missing_sensor_if_meaningful,LightGBM,5,0.9136708610486396,0.03393675919126955,0.9136708610486396,0.033936759191269594,0.9654,0.012557069721873825,0.9762988028137762,0.0056601546365846545,0.096,0.09316651759081691,0.076,0.03847076812334269,0.2,0.15748015748023622,0.07036279803141947,0.005659605455331813,0.00140909459441896,0.00012510515789910056,0.01409094594418998,0.0012510515789907197,,,1.0,0.0
IMAD-DS BrushlessMotor,brushless_missing_sensor_if_meaningful,RandomForest,5,0.9639518419973369,0.02613232622098563,0.9639518419973369,0.02613232622098563,0.99644,0.0026773120849090466,0.9963599223337273,0.002739361945265748,0.044,0.04560701700396552,0.027999999999999997,0.033466401061363026,0.036,0.026076809620810593,0.14008049580734222,0.0025201944603739125,0.037309438595548215,0.004391933409040541,0.3730943859554827,0.04391933409040534,,,1.0,0.0
IMAD-DS BrushlessMotor,brushless_missing_sensor_if_meaningful,XGBoost,5,0.919754408296766,0.02939150467561535,0.919754408296766,0.02939150467561543,0.97384,0.01021606577895817,0.9814681170848768,0.00790022826986392,0.068,0.06099180272790763,0.092,0.06260990336999411,0.11600000000000002,0.08648699324175861,0.04582694298587736,0.0041808573669072134,0.0013253999873995398,0.00014179431092302812,0.013253999873995743,0.001417943109230108,,,1.0,0.0
IMAD-DS BrushlessMotor,brushless_source_to_target_if_valid,IsolationForest,5,0.3389080459770114,0.012465436426291927,0.3389080459770114,0.012465436426291927,0.2656147271531887,0.03858654113599108,0.37388985206630526,0.01970794265264015,0.9948717948717949,0.01146701526922965,0.0,0.0,0.9384615384615385,0.055440380283178624,0.16508690759073943,0.008095425077257957,0.00523128099739546,0.000313728376231262,0.033533852547407095,0.002011079334815729,,,0.05,0.0
IMAD-DS BrushlessMotor,brushless_source_to_target_if_valid,LightGBM,5,0.9525046169091947,0.027846776126286082,0.9525046169091947,0.027846776126286082,0.9878369493754109,0.008143147714276882,0.9873143596730255,0.008455349679313967,0.07435897435897433,0.040945434417105936,0.020512820512820478,0.023289618108442208,0.07435897435897432,0.057621038600626215,0.07767115063033991,0.006188743161599557,0.0013685922138392402,0.0001321296932692202,0.0087730270117903,0.0008469852132641669,,,1.0,0.0
IMAD-DS BrushlessMotor,brushless_source_to_target_if_valid,RandomForest,5,0.8845024112212798,0.09426795170214881,0.8845024112212798,0.09426795170214879,0.9988494411571335,0.0016135892435956924,0.9986868552769177,0.0018163595845339358,0.0,0.0,0.2230769230769231,0.17545844899613375,0.0,0.0,0.1426925552077591,0.004882700403584706,0.0392087461892515,0.0075610071453868204,0.2513381165977663,0.04846799452171048,,,1.0,0.0
IMAD-DS BrushlessMotor,brushless_source_to_target_if_valid,XGBoost,5,0.9768983916848178,0.015461576529654278,0.9768983916848176,0.01546157652965422,0.9999013806706115,0.00014701301627214732,0.999903440441415,0.00014356717818950448,0.04102564102564102,0.03781508000962211,0.0051282051282051195,0.007022084070579041,0.0,0.0,0.045937304990366065,0.004017441049953841,0.0013457865687086599,0.00016352950100788339,0.008626836978902019,0.0010482660321020215,,,1.0,0.0
IMAD-DS RoboticArm raw-window,imadds_raw_label_efficiency_20pct,AutoEncoder,5,0.3735608110470935,0.007682594122670232,0.3735608110470935,0.007682594122670232,0.5683226495726496,0.043590128480857804,0.5526872937800904,0.04341756697026499,0.9557692307692308,0.00998231506563944,0.026282051282051237,0.015270678525091765,0.908974358974359,0.03486083443891983,0.10907029279042031,0.0020832981970288263,0.0014646559953689002,1.6686510752616368e-05,,,0.00234720512078354,2.6741203129181546e-05,0.453216552734375,0.0
IMAD-DS RoboticArm raw-window,imadds_raw_label_efficiency_20pct,CIRFL_v3_reference,5,0.3357340118494097,0.0026706867233985882,0.3357340118494097,0.0026706867233985882,0.4942184418145956,0.009703695970547896,0.5292439796798023,0.0016471318080556853,0.9974358974358974,0.0026816026491476687,0.0019230769230769197,0.002866753817307418,0.976923076923077,0.01269975176676855,0.0,0.0,0.47571017818991096,0.03437244245700071,0.762356054791524,0.055084042399039614,,,0.666,0.0
IMAD-DS RoboticArm raw-window,imadds_raw_label_efficiency_20pct,IsolationForest,5,0.3366042734364905,0.004828081818115178,0.3366042734364905,0.00482808181811513,0.5067040598290597,0.05000770579313694,0.5055828153367805,0.041643821148566976,0.9955128205128204,0.00664629530555383,0.00705128205128204,0.010484248226792371,0.9583333333333334,0.013019292315121802,0.2947365584317595,0.00755732482409345,0.010007268027402438,0.0004665056084723327,0.01603728850545262,0.0007476051417825674,,,0.05,0.0
IMAD-DS RoboticArm raw-window,imadds_raw_label_efficiency_20pct,LSTM-AE,5,0.34121329039742837,0.006636533394134116,0.34121329039742837,0.006636533394134116,0.5303911900065746,0.014103261737922392,0.5541035289640487,0.01298528648895629,0.9923076923076923,0.00582240452711062,0.0025641025641025598,0.001433376908653709,0.9666666666666668,0.009233884801851342,0.19172524677123873,0.009212598243411928,0.00270145158283408,0.0003526604590151579,,,0.004329249331464899,0.0005651609920114676,0.0460014343261718,0.0
IMAD-DS RoboticArm raw-window,imadds_raw_label_efficiency_20pct,LightGBM,5,0.7081855007773219,0.01991496102859352,0.7081855007773219,0.019914961028593563,0.8080487754766601,0.01900499898795321,0.8279930722299221,0.018633236416601195,0.3923076923076923,0.06683287958450444,0.1833333333333333,0.045856861452511305,0.7660256410256411,0.0546283991957029,0.20103345902170985,0.0057511206612876,0.0017215319909155001,0.0001830849558092143,0.0027588653700569,0.0002934053778993831,,,1.0,0.0
IMAD-DS RoboticArm raw-window,imadds_raw_label_efficiency_20pct,RandomForest,5,0.6058283174381165,0.04846040354567621,0.6058283174381165,0.048460403545676274,0.7475797172912557,0.024525876219359637,0.7448433484718049,0.03942501548648523,0.6089743589743589,0.11680043050184997,0.12628205128205122,0.05220523210407273,0.7935897435897435,0.036162596686072655,0.27999212800059464,0.005552286411506335,0.05838930362369862,0.006369775023139341,0.09357260196105548,0.010207972793492524,,,1.0,0.0
IMAD-DS RoboticArm raw-window,imadds_raw_label_efficiency_20pct,USAD,5,0.3741392624782565,0.023114325857941178,0.3741392624782565,0.023114325857941202,0.5721236028928336,0.037004487113382584,0.565069359734236,0.04353056911556903,0.9551282051282051,0.024619056884194277,0.02499999999999996,0.014225859628956481,0.9076923076923078,0.033722457532211925,0.1597408069996163,0.004296842389648739,0.0020888253813609197,8.786023344504832e-05,,,0.00334747657269376,0.0001408016561619061,0.850128173828125,0.0
IMAD-DS RoboticArm raw-window,imadds_raw_label_efficiency_20pct,XGBoost,5,0.6719744147320893,0.06821054051741794,0.6719744147320893,0.06821054051741791,0.8011772682445759,0.017928327241851793,0.8257169155997328,0.022653161243313905,0.4653846153846154,0.19376318856090452,0.1589743589743589,0.10047961905856255,0.7301282051282051,0.07511223248426681,0.16900614020414642,0.0025191803859834242,0.0016118396073578998,0.0004153918395224396,0.00258307629384286,0.0006656920505167525,,,1.0,0.0
IMAD-DS RoboticArm raw-window,imadds_raw_label_efficiency_20pct,condition_decoupled_residual_energy,5,0.33658749151637907,0.0035586950701019405,0.33658749151637907,0.0035586950701019405,0.5135663214990138,0.009406558681370138,0.5574020938008457,0.006079195448420961,0.9967948717948719,0.0032051282051281937,0.0012820512820512799,0.0017555210176447603,0.9711538461538461,0.012820512820512796,0.0,0.0,0.359379524202086,0.004809630484849048,0.5759287246828302,0.007707741161617058,,,0.001,0.0
IMAD-DS RoboticArm raw-window,imadds_raw_label_efficiency_20pct,raw_residual_energy,5,0.34121329039742837,0.006636533394134116,0.34121329039742837,0.006636533394134116,0.5304117357001973,0.014054237382768694,0.554149000067178,0.012925472730669879,0.9923076923076923,0.00582240452711062,0.0025641025641025598,0.001433376908653709,0.966025641025641,0.0086597795423759,0.0,0.0,0.04803058581892398,0.0010213297443989323,0.07697209265853204,0.0016367463852546766,,,0.001,0.0
IMAD-DS RoboticArm raw-window,imadds_raw_label_efficiency_5pct,AutoEncoder,5,0.3735608110470935,0.007682594122670232,0.3735608110470935,0.007682594122670232,0.5683226495726496,0.043590128480857804,0.5526872937800904,0.04341756697026499,0.9557692307692308,0.00998231506563944,0.026282051282051237,0.015270678525091765,0.908974358974359,0.03486083443891983,0.11096801359672095,0.004382045310583195,0.0015107753919437,6.035333509797911e-05,,,0.00242111441016622,9.672008829801871e-05,0.453216552734375,0.0
IMAD-DS RoboticArm raw-window,imadds_raw_label_efficiency_5pct,CIRFL_v3_reference,5,0.3357340118494097,0.0026706867233985882,0.3357340118494097,0.0026706867233985882,0.4942184418145956,0.009703695970547896,0.5292439796798023,0.0016471318080556853,0.9974358974358974,0.0026816026491476687,0.0019230769230769197,0.002866753817307418,0.976923076923077,0.01269975176676855,0.0,0.0,0.494059824408032,0.02869978332472828,0.7917625391154358,0.04599324250757733,,,0.666,0.0
IMAD-DS RoboticArm raw-window,imadds_raw_label_efficiency_5pct,IsolationForest,5,0.3366042734364905,0.004828081818115178,0.3366042734364905,0.00482808181811513,0.5067040598290597,0.05000770579313694,0.5055828153367805,0.041643821148566976,0.9955128205128204,0.00664629530555383,0.00705128205128204,0.010484248226792371,0.9583333333333334,0.013019292315121802,0.2862970922142267,0.0030934937010626564,0.009772396576590781,0.0007067599357971267,0.01566089194966474,0.0011326281022389707,,,0.05,0.0
IMAD-DS RoboticArm raw-window,imadds_raw_label_efficiency_5pct,LSTM-AE,5,0.34121329039742837,0.006636533394134116,0.34121329039742837,0.006636533394134116,0.5303911900065746,0.014103261737922392,0.5541035289640487,0.01298528648895629,0.9923076923076923,0.00582240452711062,0.0025641025641025598,0.001433376908653709,0.9666666666666668,0.009233884801851342,0.1943897184450179,0.00872470608764682,0.0027998192235827004,0.0002191155654610053,,,0.00448688978138256,0.0003511467395208585,0.0460014343261718,0.0
IMAD-DS RoboticArm raw-window,imadds_raw_label_efficiency_5pct,LightGBM,5,0.38778328121869565,0.061397186090305936,0.3877832812186956,0.06139718609030591,0.6812253451676529,0.027753252496464847,0.7009952316837986,0.019402025371479024,0.9326923076923077,0.07932287609464472,0.0397435897435897,0.037212628906923034,0.9096153846153847,0.03151799940753717,0.20254852760117498,0.004224749379210041,0.0017266950337215601,0.00017391170721192285,0.0027671394771179598,0.000278704658993443,,,1.0,0.0
IMAD-DS RoboticArm raw-window,imadds_raw_label_efficiency_5pct,RandomForest,5,0.3333333333333333,0.0,0.3333333333333333,0.0,0.6508187458908612,0.03650433792895409,0.6486907578055225,0.04045000252567938,1.0,0.0,0.0,0.0,0.7987179487179488,0.09055267154969156,0.2706142354058102,0.0023691283323856935,0.07793016904033716,0.04388774040840753,0.12488809141079678,0.07033291732116594,,,1.0,0.0
IMAD-DS RoboticArm raw-window,imadds_raw_label_efficiency_5pct,USAD,5,0.3741392624782565,0.023114325857941178,0.3741392624782565,0.023114325857941202,0.5721236028928336,0.037004487113382584,0.565069359734236,0.04353056911556903,0.9551282051282051,0.024619056884194277,0.02499999999999996,0.014225859628956481,0.9076923076923078,0.033722457532211925,0.15856324876658615,0.0062424743760709,0.0020734232151880397,0.00012892580006758678,,,0.0033227936140834205,0.00020661185908266673,0.850128173828125,0.0
IMAD-DS RoboticArm raw-window,imadds_raw_label_efficiency_5pct,XGBoost,5,0.45540516112810375,0.15197310378098472,0.45540516112810375,0.1519731037809847,0.6758321005917158,0.05081382765387137,0.6817527836218389,0.05976756139838427,0.8153846153846154,0.25956196031507306,0.07179487179487176,0.09188158416969747,0.885897435897436,0.04427255551238972,0.1688044904032722,0.0032570796846958247,0.0014700477942824,0.00013829109060143366,0.0023558458241705405,0.0002216203375022912,,,1.0,0.0
IMAD-DS RoboticArm raw-window,imadds_raw_label_efficiency_5pct,condition_decoupled_residual_energy,5,0.33658749151637907,0.0035586950701019405,0.33658749151637907,0.0035586950701019405,0.5135663214990138,0.009406558681370138,0.5574020938008457,0.006079195448420961,0.9967948717948719,0.0032051282051281937,0.0012820512820512799,0.0017555210176447603,0.9711538461538461,0.012820512820512796,0.0,0.0,0.35824702398385855,0.002630768571433475,0.5741138204869527,0.004215975274733146,,,0.001,0.0
IMAD-DS RoboticArm raw-window,imadds_raw_label_efficiency_5pct,raw_residual_energy,5,0.34121329039742837,0.006636533394134116,0.34121329039742837,0.006636533394134116,0.5304117357001973,0.014054237382768694,0.554149000067178,0.012925472730669879,0.9923076923076923,0.00582240452711062,0.0025641025641025598,0.001433376908653709,0.966025641025641,0.0086597795423759,0.0,0.0,0.04729461902752512,0.0006505933179672702,0.07579265869795698,0.0010426174967424042,,,0.001,0.0
IMAD-DS RoboticArm raw-window,imadds_raw_label_efficiency_full,AutoEncoder,5,0.3735608110470935,0.007682594122670232,0.3735608110470935,0.007682594122670232,0.5683226495726496,0.043590128480857804,0.5526872937800904,0.04341756697026499,0.9557692307692308,0.00998231506563944,0.026282051282051237,0.015270678525091765,0.908974358974359,0.03486083443891983,0.1096445621922612,0.003242006396977358,0.0014348791679367,4.4713183844617905e-05,,,0.0022994858460524403,7.16557433407368e-05,0.453216552734375,0.0
IMAD-DS RoboticArm raw-window,imadds_raw_label_efficiency_full,CIRFL_v3_reference,5,0.3357340118494097,0.0026706867233985882,0.3357340118494097,0.0026706867233985882,0.4942184418145956,0.009703695970547896,0.5292439796798023,0.0016471318080556853,0.9974358974358974,0.0026816026491476687,0.0019230769230769197,0.002866753817307418,0.976923076923077,0.01269975176676855,0.0,0.0,0.5072752001928166,0.016843117146386522,0.8129410259500265,0.026992174914080954,,,0.666,0.0
IMAD-DS RoboticArm raw-window,imadds_raw_label_efficiency_full,IsolationForest,5,0.3366042734364905,0.004828081818115178,0.3366042734364905,0.00482808181811513,0.5067040598290597,0.05000770579313694,0.5055828153367805,0.041643821148566976,0.9955128205128204,0.00664629530555383,0.00705128205128204,0.010484248226792371,0.9583333333333334,0.013019292315121802,0.30022393059916797,0.009299439491661307,0.01025704895146186,0.0013109794255020094,0.016437578447855577,0.0021009285665096406,,,0.05,0.0
IMAD-DS RoboticArm raw-window,imadds_raw_label_efficiency_full,LSTM-AE,5,0.34121329039742837,0.006636533394134116,0.34121329039742837,0.006636533394134116,0.5303911900065746,0.014103261737922392,0.5541035289640487,0.01298528648895629,0.9923076923076923,0.00582240452711062,0.0025641025641025598,0.001433376908653709,0.9666666666666668,0.009233884801851342,0.19477859062608327,0.010752567895321382,0.00268121219705784,0.00017828855105003907,,,0.004296814418361981,0.000285718831810973,0.0460014343261718,0.0
IMAD-DS RoboticArm raw-window,imadds_raw_label_efficiency_full,LightGBM,5,0.8170078967516711,0.042244955086498504,0.8170078967516711,0.04224495508649844,0.9154729618671926,0.024142406761830517,0.9197293476861945,0.021249976078457872,0.26217948717948714,0.09825168776456948,0.09935897435897431,0.03872771145382877,0.40897435897435896,0.13075587538638747,0.20680465579498555,0.003887120465482066,0.0017484967829658998,4.485096588840963e-05,0.00280207817783,7.187654789811658e-05,,,1.0,0.0
IMAD-DS RoboticArm raw-window,imadds_raw_label_efficiency_full,RandomForest,5,0.7335658109903861,0.05290082093115337,0.733565810990386,0.052900820931153364,0.853769107495069,0.03139077281339387,0.8621472238788328,0.03858661260251711,0.3897435897435897,0.148505042118161,0.12628205128205122,0.078299648638987,0.5878205128205127,0.05171094685831586,0.2864173147827387,0.0029570081217754115,0.0558052326086908,0.00079457025839527,0.08943146251392761,0.001273349773069332,,,1.0,0.0
IMAD-DS RoboticArm raw-window,imadds_raw_label_efficiency_full,USAD,5,0.3741392624782565,0.023114325857941178,0.3741392624782565,0.023114325857941202,0.5721236028928336,0.037004487113382584,0.565069359734236,0.04353056911556903,0.9551282051282051,0.024619056884194277,0.02499999999999996,0.014225859628956481,0.9076923076923078,0.033722457532211925,0.1563537547830492,0.0048028811981854925,0.0020312497625126803,0.00010277924467520004,,,0.0032552079527447195,0.00016471032800514354,0.850128173828125,0.0
IMAD-DS RoboticArm raw-window,imadds_raw_label_efficiency_full,XGBoost,5,0.7892305703034491,0.03823185701097578,0.7892305703034493,0.038231857010975735,0.8923939842209073,0.02554932632467394,0.9011113737957561,0.02375156354097884,0.29166666666666663,0.08133703551570208,0.12564102564102558,0.028070043648476057,0.4871794871794871,0.11277315439589222,0.17823870277497914,0.0006130089214925068,0.0015378637937828402,0.00015230151798188065,0.00246452531054946,0.0002440729454837842,,,1.0,0.0
IMAD-DS RoboticArm raw-window,imadds_raw_label_efficiency_full,condition_decoupled_residual_energy,5,0.33658749151637907,0.0035586950701019405,0.33658749151637907,0.0035586950701019405,0.5135663214990138,0.009406558681370138,0.5574020938008457,0.006079195448420961,0.9967948717948719,0.0032051282051281937,0.0012820512820512799,0.0017555210176447603,0.9711538461538461,0.012820512820512796,0.0,0.0,0.36017160082701594,0.00118554929051726,0.577198078248423,0.0018999187348033234,,,0.001,0.0
IMAD-DS RoboticArm raw-window,imadds_raw_label_efficiency_full,raw_residual_energy,5,0.34121329039742837,0.006636533394134116,0.34121329039742837,0.006636533394134116,0.5304117357001973,0.014054237382768694,0.554149000067178,0.012925472730669879,0.9923076923076923,0.00582240452711062,0.0025641025641025598,0.001433376908653709,0.966025641025641,0.0086597795423759,0.0,0.0,0.047597939008846846,0.0004417326566287311,0.07627874841161354,0.0007079048984435054,,,0.001,0.0
IMAD-DS RoboticArm raw-window,imadds_raw_label_efficiency_normal_only,AutoEncoder,5,0.39489514947635096,0.017876784442782834,0.39489514947635096,0.0178767844427828,0.5683226495726496,0.043590128480857804,0.5526872937800904,0.04341756697026499,0.051923076923076905,0.024134423842329118,0.9262820512820513,0.02185606041183627,0.908974358974359,0.03486083443891983,0.10994960663374506,0.0022914811731491397,0.0014857406029477201,0.00019976218604705363,,,0.0023809945560059795,0.00032013170840869805,0.453216552734375,0.0
IMAD-DS RoboticArm raw-window,imadds_raw_label_efficiency_normal_only,CIRFL_v3_reference,5,0.4183851999425989,0.004761193504483026,0.4183851999425989,0.004761193504483012,0.4942184418145956,0.009703695970547896,0.5292439796798023,0.0016471318080556853,0.05192307692307687,0.01980966300046469,0.9012820512820513,0.00972163518468148,0.976923076923077,0.01269975176676855,0.0,0.0,0.49375762182753535,0.01337760430599585,0.7912782401082298,0.021438468439095887,,,0.666,0.0
IMAD-DS RoboticArm raw-window,imadds_raw_label_efficiency_normal_only,IsolationForest,5,0.3787504100407605,0.016158334795742833,0.3787504100407605,0.01615833479574282,0.5067040598290597,0.05000770579313694,0.5055828153367805,0.041643821148566976,0.062179487179487104,0.014080693997749248,0.9403846153846154,0.01764276787759347,0.9583333333333334,0.013019292315121802,0.2917859392240644,0.006748014136397629,0.009534280793741278,0.0003525085166545916,0.01527929614381622,0.0005649174946387562,,,0.05,0.0
IMAD-DS RoboticArm raw-window,imadds_raw_label_efficiency_normal_only,LSTM-AE,5,0.42984413708182395,0.00729613845856069,0.42984413708182395,0.00729613845856069,0.5303911900065746,0.014103261737922392,0.5541035289640487,0.01298528648895629,0.059615384615384556,0.009507946778327796,0.885897435897436,0.01077418994485361,0.9666666666666668,0.009233884801851342,0.19793035639449952,0.004762310029948966,0.00281397176440802,0.0002643198669905061,,,0.00450957013526928,0.00042358953043349426,0.0460014343261718,0.0
IMAD-DS RoboticArm raw-window,imadds_raw_label_efficiency_normal_only,USAD,5,0.4004104726451221,0.01946452587084357,0.4004104726451221,0.019464525870843578,0.5721236028928336,0.037004487113382584,0.565069359734236,0.04353056911556903,0.04807692307692303,0.021017431167634628,0.9217948717948717,0.020722089583646866,0.9076923076923078,0.033722457532211925,0.15713401560205964,0.006378590264413745,0.00215966098476196,0.0002830269229834316,,,0.00346099516788778,0.0004535687868324251,0.850128173828125,0.0
IMAD-DS RoboticArm raw-window,imadds_raw_label_efficiency_normal_only,condition_decoupled_residual_energy,5,0.44522090213615834,0.0076410848752879795,0.44522090213615834,0.007641084875287996,0.5135663214990138,0.009406558681370138,0.5574020938008457,0.006079195448420961,0.0557692307692307,0.012120301539223765,0.8698717948717949,0.008357951801541828,0.9711538461538461,0.012820512820512796,0.0,0.0,0.36065989441704005,0.0021707869480242343,0.5779806000273078,0.0034788252372182785,,,0.001,0.0
IMAD-DS RoboticArm raw-window,imadds_raw_label_efficiency_normal_only,raw_residual_energy,5,0.42869949228143867,0.007211926326704942,0.42869949228143867,0.0072119263267049595,0.5304117357001973,0.014054237382768694,0.554149000067178,0.012925472730669879,0.059615384615384556,0.009507946778327796,0.8871794871794872,0.010963225241337879,0.966025641025641,0.0086597795423759,0.0,0.0,0.04820518475025888,0.0015951682879062807,0.07725189863823542,0.0025563594357472124,,,0.001,0.0
IMAD-DS RoboticArm raw-window,imadds_raw_latency_benchmark,AutoEncoder,5,0.3735608110470935,0.007682594122670232,0.3735608110470935,0.007682594122670232,0.5683226495726496,0.043590128480857804,0.5526872937800904,0.04341756697026499,0.9557692307692308,0.00998231506563944,0.026282051282051237,0.015270678525091765,0.908974358974359,0.03486083443891983,0.10716980861034242,0.0015927652176370112,0.0015187900047748803,0.00017743289608489256,,,0.0024339583409854195,0.00028434758987960285,0.453216552734375,0.0
IMAD-DS RoboticArm raw-window,imadds_raw_latency_benchmark,CIRFL_v3_reference,5,0.3357340118494097,0.0026706867233985882,0.3357340118494097,0.0026706867233985882,0.4942184418145956,0.009703695970547896,0.5292439796798023,0.0016471318080556853,0.9974358974358974,0.0026816026491476687,0.0019230769230769197,0.002866753817307418,0.976923076923077,0.01269975176676855,0.0,0.0,0.4640275384299457,0.02482950913843954,0.7436338756890156,0.03979088002955053,,,0.666,0.0
IMAD-DS RoboticArm raw-window,imadds_raw_latency_benchmark,IsolationForest,5,0.3366042734364905,0.004828081818115178,0.3366042734364905,0.00482808181811513,0.5067040598290597,0.05000770579313694,0.5055828153367805,0.041643821148566976,0.9955128205128204,0.00664629530555383,0.00705128205128204,0.010484248226792371,0.9583333333333334,0.013019292315121802,0.2968459777999669,0.008599909018804116,0.010281800455413699,0.0012367354270968497,0.016477244319573297,0.0019819477998346854,,,0.05,0.0
IMAD-DS RoboticArm raw-window,imadds_raw_latency_benchmark,LSTM-AE,5,0.34121329039742837,0.006636533394134116,0.34121329039742837,0.006636533394134116,0.5303911900065746,0.014103261737922392,0.5541035289640487,0.01298528648895629,0.9923076923076923,0.00582240452711062,0.0025641025641025598,0.001433376908653709,0.9666666666666668,0.009233884801851342,0.19755546334199603,0.008307627231732478,0.0025616488186642,3.939804515789589e-05,,,0.004105206440167,6.313789288121889e-05,0.0460014343261718,0.0
IMAD-DS RoboticArm raw-window,imadds_raw_latency_benchmark,LightGBM,5,0.8170078967516711,0.042244955086498504,0.8170078967516711,0.04224495508649844,0.9154729618671926,0.024142406761830517,0.9197293476861945,0.021249976078457872,0.26217948717948714,0.09825168776456948,0.09935897435897431,0.03872771145382877,0.40897435897435896,0.13075587538638747,0.209953385987319,0.003908433284197489,0.0017902933992445,0.00018943291079421493,0.00286905993468674,0.00030357838268304155,,,1.0,0.0
IMAD-DS RoboticArm raw-window,imadds_raw_latency_benchmark,RandomForest,5,0.7335658109903861,0.05290082093115337,0.733565810990386,0.052900820931153364,0.853769107495069,0.03139077281339387,0.8621472238788328,0.03858661260251711,0.3897435897435897,0.148505042118161,0.12628205128205122,0.078299648638987,0.5878205128205127,0.05171094685831586,0.28516189076472076,0.0023667102287045715,0.05506167078856374,0.0005655854962782483,0.08823985703295474,0.0009063870132664156,,,1.0,0.0
IMAD-DS RoboticArm raw-window,imadds_raw_latency_benchmark,USAD,5,0.3741392624782565,0.023114325857941178,0.3741392624782565,0.023114325857941202,0.5721236028928336,0.037004487113382584,0.565069359734236,0.04353056911556903,0.9551282051282051,0.024619056884194277,0.02499999999999996,0.014225859628956481,0.9076923076923078,0.033722457532211925,0.15979234061669556,0.005534649309160589,0.00218251300975674,0.00028002548976440106,,,0.0034976170028153597,0.0004487587976993854,0.850128173828125,0.0
IMAD-DS RoboticArm raw-window,imadds_raw_latency_benchmark,XGBoost,5,0.7892305703034491,0.03823185701097578,0.7892305703034493,0.038231857010975735,0.8923939842209073,0.02554932632467394,0.9011113737957561,0.02375156354097884,0.29166666666666663,0.08133703551570208,0.12564102564102558,0.028070043648476057,0.4871794871794871,0.11277315439589222,0.17889383560977873,0.003277819342710978,0.0016005892073734998,0.0003427740310481242,0.00256504680668834,0.0005493173574488897,,,1.0,0.0
IMAD-DS RoboticArm raw-window,imadds_raw_latency_benchmark,condition_decoupled_residual_energy,5,0.33658749151637907,0.0035586950701019405,0.33658749151637907,0.0035586950701019405,0.5135663214990138,0.009406558681370138,0.5574020938008457,0.006079195448420961,0.9967948717948719,0.0032051282051281937,0.0012820512820512799,0.0017555210176447603,0.9711538461538461,0.012820512820512796,0.0,0.0,0.3598926343722269,0.004087956778835994,0.5767510166221584,0.006551212786596126,,,0.001,0.0
IMAD-DS RoboticArm raw-window,imadds_raw_latency_benchmark,raw_residual_energy,5,0.34121329039742837,0.006636533394134116,0.34121329039742837,0.006636533394134116,0.5304117357001973,0.014054237382768694,0.554149000067178,0.012925472730669879,0.9923076923076923,0.00582240452711062,0.0025641025641025598,0.001433376908653709,0.966025641025641,0.0086597795423759,0.0,0.0,0.04710548380389804,0.0008291506807754156,0.07548955737804178,0.0013287671166272142,,,0.001,0.0
IMAD-DS RoboticArm raw-window,imadds_raw_leave_target_weight35_out,AutoEncoder,5,0.3333333333333333,0.0,0.3333333333333333,0.0,0.618844510190664,0.005433192041883059,0.5938247025390861,0.002894242696117021,1.0,0.0,0.0,0.0,0.9205128205128206,0.009721635184681558,0.10884448396973308,0.004011381672568184,0.00090953360777342,8.236313858345177e-05,,,0.0029151718197867405,0.00026398441853667937,0.453216552734375,0.0
IMAD-DS RoboticArm raw-window,imadds_raw_leave_target_weight35_out,CIRFL_v3_reference,5,0.3361666143837205,0.0038796298576223858,0.3361666143837205,0.0038796298576223858,0.400024654832347,0.0,0.4209673387222505,0.0,0.9974358974358974,0.0035110420352895137,0.0,0.0,0.9615384615384615,1.2412670766236366e-16,0.0,0.0,0.4534923712024465,0.02535248694321824,1.4535011897514312,0.08125797097185336,,,0.666,0.0
IMAD-DS RoboticArm raw-window,imadds_raw_leave_target_weight35_out,IsolationForest,5,0.34802814042075697,0.015210373693850482,0.34802814042075697,0.015210373693850482,0.5180966469428008,0.02473402182203907,0.5435677160276742,0.021516771283099322,0.9820512820512821,0.019443270369362938,0.01794871794871794,0.026585181222215024,0.9641025641025642,0.01731955908475166,0.2835367125924676,0.0031257570331908566,0.008958659227937399,0.0003724805040632861,0.02871365137159438,0.0011938477694336716,,,0.05,0.0
IMAD-DS RoboticArm raw-window,imadds_raw_leave_target_weight35_out,LSTM-AE,5,0.34778170010256615,0.0030014883763462086,0.34778170010256615,0.0030014883763462086,0.41144806048652194,0.0002324479885557768,0.43364358327501246,0.0004016533855892441,0.9833333333333334,0.005733507634614825,0.015384615384615358,0.020067276721151925,0.9782051282051283,0.0035110420352895137,0.19604335119947786,0.0092166158310109,0.00166921836789692,0.0002546958253969473,,,0.00535005887146462,0.0008163327737081879,0.0460014343261718,0.0
IMAD-DS RoboticArm raw-window,imadds_raw_leave_target_weight35_out,LightGBM,5,0.5227004202184072,0.051889445077899596,0.5227004202184072,0.05188944507789963,0.6709155161078237,0.04717511025126238,0.6670001521887223,0.045924741170775656,0.09230769230769227,0.03349320635285416,0.7538461538461538,0.07673588334177137,0.8782051282051281,0.03977459501920153,0.20321117178536946,0.0033131211687135857,0.0016645625932141799,9.951668194480194e-05,0.00533513651671218,0.00031896372418203326,,,1.0,0.0
IMAD-DS RoboticArm raw-window,imadds_raw_leave_target_weight35_out,RandomForest,5,0.4315781179915703,0.05806885963715071,0.4315781179915703,0.05806885963715066,0.6335634451019067,0.0181228065333158,0.5942973844502004,0.018882597355502503,0.08589743589743586,0.06191790072329874,0.8666666666666668,0.10088774266799867,0.8628205128205128,0.013292590611107522,0.29200386060401795,0.008148664232794324,0.05610638177022335,0.001070175025814707,0.17982814669943387,0.0034300481596624857,,,1.0,0.0
IMAD-DS RoboticArm raw-window,imadds_raw_leave_target_weight35_out,USAD,5,0.3362912491294376,0.006614100791809657,0.3362912491294376,0.006614100791809657,0.6185979618671926,0.004846728690100643,0.5942738613264235,0.002954328278596406,0.9961538461538462,0.008600261451922237,0.0051282051282051195,0.011467015269229672,0.9115384615384616,0.011467015269229743,0.1633293153950944,0.0038500147170116524,0.00133173766080284,9.283562311143307e-05,,,0.004268389938470779,0.00029755007407504346,0.850128173828125,0.0
IMAD-DS RoboticArm raw-window,imadds_raw_leave_target_weight35_out,XGBoost,5,0.46200421349011933,0.05052636882981969,0.46200421349011933,0.050526368829819715,0.635679651545036,0.04279248860481478,0.6351578681068425,0.037553182379219084,0.06923076923076918,0.06384563896404476,0.8384615384615385,0.08758859514049237,0.8679487179487179,0.042665541775112135,0.17387632001191372,0.004172452463043572,0.0013364428188651402,2.3065821981302028e-05,0.004283470573285779,7.392891660675263e-05,,,1.0,0.0
IMAD-DS RoboticArm raw-window,imadds_raw_leave_target_weight35_out,condition_decoupled_residual_energy,5,0.3333333333333333,0.0,0.3333333333333333,0.0,0.4177350427350427,0.0,0.4269461194658728,0.0,1.0,0.0,0.0,0.0,0.9807692307692308,0.0,0.0,0.0,0.3460427382029593,0.006144158192259093,1.1091113403941004,0.0196928147187791,,,0.001,0.0
IMAD-DS RoboticArm raw-window,imadds_raw_leave_target_weight35_out,raw_residual_energy,5,0.34810581126229045,0.0031641129062043066,0.34810581126229045,0.0031641129062043066,0.4116535174227482,0.0,0.434196451351781,0.0,0.9833333333333334,0.005733507634614825,0.01410256410256408,0.01720052290384451,0.9743589743589745,0.0,0.0,0.0,0.04639371738303448,0.0006990124801055269,0.14869781212511063,0.002240424615722757,,,0.001,0.0
IMAD-DS RoboticArm raw-window,imadds_raw_main_binary,AutoEncoder,5,0.3735608110470935,0.007682594122670232,0.3735608110470935,0.007682594122670232,0.5683226495726496,0.043590128480857804,0.5526872937800904,0.04341756697026499,0.9557692307692308,0.00998231506563944,0.026282051282051237,0.015270678525091765,0.908974358974359,0.03486083443891983,0.15342221858445554,0.046860433453474695,0.0015387454535811603,0.0002316521496056521,,,0.00246593822689294,0.0003712374192398342,0.453216552734375,0.0
IMAD-DS RoboticArm raw-window,imadds_raw_main_binary,CIRFL_v3_reference,5,0.3357340118494097,0.0026706867233985882,0.3357340118494097,0.0026706867233985882,0.4942184418145956,0.009703695970547896,0.5292439796798023,0.0016471318080556853,0.9974358974358974,0.0026816026491476687,0.0019230769230769197,0.002866753817307418,0.976923076923077,0.01269975176676855,0.0,0.0,0.4708158316090703,0.0451865400334844,0.7545125506555614,0.07241432697673783,,,0.666,0.0
IMAD-DS RoboticArm raw-window,imadds_raw_main_binary,IsolationForest,5,0.3366042734364905,0.004828081818115178,0.3366042734364905,0.00482808181811513,0.5067040598290597,0.05000770579313694,0.5055828153367805,0.041643821148566976,0.9955128205128204,0.00664629530555383,0.00705128205128204,0.010484248226792371,0.9583333333333334,0.013019292315121802,0.29260712859686466,0.007719816144453709,0.010417107795365121,0.0011421469014532587,0.01669408300539282,0.0018303636241238561,,,0.05,0.0
IMAD-DS RoboticArm raw-window,imadds_raw_main_binary,LSTM-AE,5,0.34121329039742837,0.006636533394134116,0.34121329039742837,0.006636533394134116,0.5303911900065746,0.014103261737922392,0.5541035289640487,0.01298528648895629,0.9923076923076923,0.00582240452711062,0.0025641025641025598,0.001433376908653709,0.9666666666666668,0.009233884801851342,0.21463991338387128,0.013446990134272202,0.0027648547897115,0.00020034830772941393,,,0.0044308570347941,0.0003210710059766181,0.0460014343261718,0.0
IMAD-DS RoboticArm raw-window,imadds_raw_main_binary,LightGBM,5,0.8170078967516711,0.042244955086498504,0.8170078967516711,0.04224495508649844,0.9154729618671926,0.024142406761830517,0.9197293476861945,0.021249976078457872,0.26217948717948714,0.09825168776456948,0.09935897435897431,0.03872771145382877,0.40897435897435896,0.13075587538638747,0.2112680291756987,0.017733913869458294,0.00210189698264,0.0006452985364677944,0.00336842465166666,0.0010341322699804769,,,1.0,0.0
IMAD-DS RoboticArm raw-window,imadds_raw_main_binary,RandomForest,5,0.7335658109903861,0.05290082093115337,0.733565810990386,0.052900820931153364,0.853769107495069,0.03139077281339387,0.8621472238788328,0.03858661260251711,0.3897435897435897,0.148505042118161,0.12628205128205122,0.078299648638987,0.5878205128205127,0.05171094685831586,0.3004048227798194,0.0044843357192757664,0.05798383655492212,0.004830173445093405,0.09292281499186242,0.007740662572265097,,,1.0,0.0
IMAD-DS RoboticArm raw-window,imadds_raw_main_binary,USAD,5,0.3741392624782565,0.023114325857941178,0.3741392624782565,0.023114325857941202,0.5721236028928336,0.037004487113382584,0.565069359734236,0.04353056911556903,0.9551282051282051,0.024619056884194277,0.02499999999999996,0.014225859628956481,0.9076923076923078,0.033722457532211925,0.15849997501354662,0.006732696199737975,0.0025614727754145602,0.0008056565795939495,,,0.0041049243195746005,0.0012911163134518536,0.850128173828125,0.0
IMAD-DS RoboticArm raw-window,imadds_raw_main_binary,XGBoost,5,0.7892305703034491,0.03823185701097578,0.7892305703034493,0.038231857010975735,0.8923939842209073,0.02554932632467394,0.9011113737957561,0.02375156354097884,0.29166666666666663,0.08133703551570208,0.12564102564102558,0.028070043648476057,0.4871794871794871,0.11277315439589222,0.21884791220072652,0.09796995973946895,0.0013840146362781,0.00012131500277460437,0.00221797217352264,0.00019441506854901494,,,1.0,0.0
IMAD-DS RoboticArm raw-window,imadds_raw_main_binary,condition_decoupled_residual_energy,5,0.33658749151637907,0.0035586950701019405,0.33658749151637907,0.0035586950701019405,0.5135663214990138,0.009406558681370138,0.5574020938008457,0.006079195448420961,0.9967948717948719,0.0032051282051281937,0.0012820512820512799,0.0017555210176447603,0.9711538461538461,0.012820512820512796,0.0,0.0,0.3606589274248108,0.0030794658122285886,0.5779790503602736,0.004935041365750925,,,0.001,0.0
IMAD-DS RoboticArm raw-window,imadds_raw_main_binary,raw_residual_energy,5,0.34121329039742837,0.006636533394134116,0.34121329039742837,0.006636533394134116,0.5304117357001973,0.014054237382768694,0.554149000067178,0.012925472730669879,0.9923076923076923,0.00582240452711062,0.0025641025641025598,0.001433376908653709,0.966025641025641,0.0086597795423759,0.0,0.0,0.04802347421646114,0.0005808909852554822,0.07696069585971338,0.0009309150404735227,,,0.001,0.0
IMAD-DS RoboticArm raw-window,imadds_raw_missing_sensor_10,AutoEncoder,5,0.3711732890930967,0.029285938373552832,0.3711732890930967,0.029285938373552832,0.5553901627218935,0.03767306313605903,0.539542886835205,0.04010375054485429,0.9589743589743591,0.03216326590846687,0.01987179487179484,0.014044168141158084,0.9198717948717949,0.007516691922793955,0.10769361180718984,0.003112199442667605,0.0014396746177226,3.511567819836822e-05,,,0.0023071708617349402,5.6275125317866496e-05,0.453216552734375,0.0
IMAD-DS RoboticArm raw-window,imadds_raw_missing_sensor_10,CIRFL_v3_reference,5,0.33730923368393556,0.007651199668517087,0.33730923368393556,0.007651199668517087,0.4968421268902038,0.044178478099404395,0.5320449810515685,0.04099210058257709,0.9942307692307694,0.006948552368166339,0.010256410256410239,0.012288647123513323,0.976923076923077,0.01671590360308371,0.0,0.0,0.5215989011805504,0.03506540128397891,0.8358956749688307,0.0561945533397098,,,0.666,0.0
IMAD-DS RoboticArm raw-window,imadds_raw_missing_sensor_10,IsolationForest,5,0.3466406151418079,0.012144381328112536,0.3466406151418079,0.012144381328112552,0.48771983892176196,0.04230464124897877,0.4910215630301186,0.027226921882807207,0.9839743589743589,0.013785777671542704,0.016666666666666642,0.014225859628956481,0.9512820512820512,0.016248451096970016,0.28778078004252167,0.007958773130416255,0.009144514007493821,0.0006863998303718642,0.014654669883804181,0.0010999997281600775,,,0.05,0.0
IMAD-DS RoboticArm raw-window,imadds_raw_missing_sensor_10,LSTM-AE,5,0.34062224202845603,0.008389578496187605,0.34062224202845603,0.008389578496187605,0.5356652695595003,0.02586689914600822,0.5525507244133838,0.030244045747091435,0.9929487179487179,0.007980704870505569,0.0019230769230769197,0.0017555210176447603,0.95,0.018907540004811024,0.19690860579721625,0.009314598725886674,0.00280159176327284,0.0002131019056296471,,,0.00448973038986032,0.00034150946415008017,0.0460014343261718,0.0
IMAD-DS RoboticArm raw-window,imadds_raw_missing_sensor_10,LightGBM,5,0.7735362466313769,0.04277664569151101,0.7735362466313767,0.04277664569151101,0.8799165844838921,0.03864249246211471,0.8839452824671511,0.03437330322911468,0.316025641025641,0.0868820340286148,0.1314102564102564,0.04672237095228607,0.5057692307692309,0.13827444624805807,0.184540771972388,0.0016899299229251872,0.00160273020155722,3.811153180953104e-05,0.0025684778871109598,6.107617277165325e-05,,,1.0,0.0
IMAD-DS RoboticArm raw-window,imadds_raw_missing_sensor_10,RandomForest,5,0.6736492746718479,0.04606495639181381,0.6736492746718479,0.04606495639181381,0.7835880999342539,0.061107715855427715,0.7737746270473006,0.0715739866775362,0.5012820512820513,0.08378207580483428,0.1256410256410256,0.056813101201334586,0.6762820512820513,0.10659159710458903,0.2779928242089227,0.006235898392540873,0.06115680979564782,0.012904290468122638,0.09800770800584588,0.020679952673273445,,,1.0,0.0
IMAD-DS RoboticArm raw-window,imadds_raw_missing_sensor_10,USAD,5,0.3810259655885706,0.03156694674369004,0.38102596558857066,0.03156694674369003,0.5665043556870479,0.04214380308717214,0.5550375818916783,0.044782415291425216,0.9480769230769232,0.03469838103262655,0.023717948717948682,0.017349190516313253,0.8974358974358975,0.02998122906068862,0.15948842880316075,0.005683902233919253,0.0020860944176092602,4.440811115579804e-05,,,0.0033431000282199397,7.116684480092719e-05,0.850128173828125,0.0
IMAD-DS RoboticArm raw-window,imadds_raw_missing_sensor_10,XGBoost,5,0.7615728083298079,0.048837297124791755,0.7615728083298078,0.04883729712479174,0.8536016600920447,0.04815610257164374,0.8594839636053825,0.04340938985111543,0.3057692307692307,0.08741249028743635,0.16730769230769227,0.05993675441592188,0.5724358974358974,0.14343799215580358,0.16696234801784154,0.0031533946315875027,0.0013707482023164199,4.657844549313196e-05,0.00219671186268658,7.464494470056373e-05,,,1.0,0.0
IMAD-DS RoboticArm raw-window,imadds_raw_missing_sensor_10,condition_decoupled_residual_energy,5,0.3401981920080258,0.006573103639601834,0.3401981920080258,0.006573103639601834,0.5046309993425379,0.04827878569440535,0.5480267873384227,0.04953156095040697,0.9929487179487179,0.006165187199253695,0.0038461538461538403,0.006948552368166271,0.9711538461538461,0.010869118562700671,0.0,0.0,0.36049277761485427,0.0031628059019185007,0.5777127846391895,0.0050685992017924794,,,0.001,0.0
IMAD-DS RoboticArm raw-window,imadds_raw_missing_sensor_10,raw_residual_energy,5,0.34062224202845603,0.008389578496187605,0.34062224202845603,0.008389578496187605,0.535677596975674,0.025707634430294665,0.5526272873325973,0.030182107924981855,0.9929487179487179,0.007980704870505569,0.0019230769230769197,0.0017555210176447603,0.9487179487179487,0.01988729750960063,0.0,0.0,0.04779753822367634,0.0005821969003974172,0.0765986189481993,0.0009330078532009846,,,0.001,0.0
IMAD-DS RoboticArm raw-window,imadds_raw_missing_sensor_20,AutoEncoder,5,0.3711732890930967,0.029285938373552832,0.3711732890930967,0.029285938373552832,0.5553901627218935,0.03767306313605903,0.539542886835205,0.04010375054485429,0.9589743589743591,0.03216326590846687,0.01987179487179484,0.014044168141158084,0.9198717948717949,0.007516691922793955,0.1079655889887362,0.0026056133567483363,0.0014792470028623399,0.00010934243462602678,,,0.00237058814561274,0.00017522826061866295,0.453216552734375,0.0
IMAD-DS RoboticArm raw-window,imadds_raw_missing_sensor_20,CIRFL_v3_reference,5,0.33730923368393556,0.007651199668517087,0.33730923368393556,0.007651199668517087,0.4968421268902038,0.044178478099404395,0.5320449810515685,0.04099210058257709,0.9942307692307694,0.006948552368166339,0.010256410256410239,0.012288647123513323,0.976923076923077,0.01671590360308371,0.0,0.0,0.4527650372358039,0.0034131469006580743,0.7255849955701985,0.005469786699772537,,,0.666,0.0
IMAD-DS RoboticArm raw-window,imadds_raw_missing_sensor_20,IsolationForest,5,0.3466406151418079,0.012144381328112536,0.3466406151418079,0.012144381328112552,0.48771983892176196,0.04230464124897877,0.4910215630301186,0.027226921882807207,0.9839743589743589,0.013785777671542704,0.016666666666666642,0.014225859628956481,0.9512820512820512,0.016248451096970016,0.2995614357758313,0.012531166987497957,0.008963838196359538,0.0005168519842325833,0.01436512531467878,0.0008282884362702425,,,0.05,0.0
IMAD-DS RoboticArm raw-window,imadds_raw_missing_sensor_20,LSTM-AE,5,0.34062224202845603,0.008389578496187605,0.34062224202845603,0.008389578496187605,0.5356652695595003,0.02586689914600822,0.5525507244133838,0.030244045747091435,0.9929487179487179,0.007980704870505569,0.0019230769230769197,0.0017555210176447603,0.95,0.018907540004811024,0.20039859577082092,0.007850358111769186,0.00272383056581014,0.0002209162738148032,,,0.0043651130862342406,0.0003540324900878057,0.0460014343261718,0.0
IMAD-DS RoboticArm raw-window,imadds_raw_missing_sensor_20,LightGBM,5,0.7735362466313769,0.04277664569151101,0.7735362466313767,0.04277664569151101,0.8799165844838921,0.03864249246211471,0.8839452824671511,0.03437330322911468,0.316025641025641,0.0868820340286148,0.1314102564102564,0.04672237095228607,0.5057692307692309,0.13827444624805807,0.18360475036315616,0.0005460174238705933,0.0016602356452494402,5.669956904470953e-05,0.0026606340468741394,9.086469398189658e-05,,,1.0,0.0
IMAD-DS RoboticArm raw-window,imadds_raw_missing_sensor_20,RandomForest,5,0.6736492746718479,0.04606495639181381,0.6736492746718479,0.04606495639181381,0.7835880999342539,0.061107715855427715,0.7737746270473006,0.0715739866775362,0.5012820512820513,0.08378207580483428,0.1256410256410256,0.056813101201334586,0.6762820512820513,0.10659159710458903,0.27483588382601737,0.006158230051066217,0.06072072382085023,0.007819864908669268,0.09730885227700356,0.012531834789534107,,,1.0,0.0
IMAD-DS RoboticArm raw-window,imadds_raw_missing_sensor_20,USAD,5,0.3810259655885706,0.03156694674369004,0.38102596558857066,0.03156694674369003,0.5665043556870479,0.04214380308717214,0.5550375818916783,0.044782415291425216,0.9480769230769232,0.03469838103262655,0.023717948717948682,0.017349190516313253,0.8974358974358975,0.02998122906068862,0.15973586561158296,0.005790552552543557,0.00279496200382704,0.0012209371301110331,,,0.0044791057753639,0.001956630016203572,0.850128173828125,0.0
IMAD-DS RoboticArm raw-window,imadds_raw_missing_sensor_20,XGBoost,5,0.7615728083298079,0.048837297124791755,0.7615728083298078,0.04883729712479174,0.8536016600920447,0.04815610257164374,0.8594839636053825,0.04340938985111543,0.3057692307692307,0.08741249028743635,0.16730769230769227,0.05993675441592188,0.5724358974358974,0.14343799215580358,0.16649039743933822,0.002264156020463035,0.0013911926187574401,3.8607186080628436e-05,0.0022294753505728397,6.18704905138076e-05,,,1.0,0.0
IMAD-DS RoboticArm raw-window,imadds_raw_missing_sensor_20,condition_decoupled_residual_energy,5,0.3401981920080258,0.006573103639601834,0.3401981920080258,0.006573103639601834,0.5046309993425379,0.04827878569440535,0.5480267873384227,0.04953156095040697,0.9929487179487179,0.006165187199253695,0.0038461538461538403,0.006948552368166271,0.9711538461538461,0.010869118562700671,0.0,0.0,0.36050791640300306,0.0036630660460066945,0.577737045517633,0.005870298150651758,,,0.001,0.0
IMAD-DS RoboticArm raw-window,imadds_raw_missing_sensor_20,raw_residual_energy,5,0.34062224202845603,0.008389578496187605,0.34062224202845603,0.008389578496187605,0.535677596975674,0.025707634430294665,0.5526272873325973,0.030182107924981855,0.9929487179487179,0.007980704870505569,0.0019230769230769197,0.0017555210176447603,0.9487179487179487,0.01988729750960063,0.0,0.0,0.047534685418941035,0.0006967788683434792,0.07617738047907224,0.001116632801832523,,,0.001,0.0
IMAD-DS RoboticArm raw-window,imadds_raw_noise_mild,AutoEncoder,5,0.3729352326568785,0.006335630608234026,0.3729352326568785,0.006335630608234026,0.5681110289283366,0.04359027616116059,0.5524201920404274,0.04329551326147157,0.9564102564102563,0.008659779542375802,0.026282051282051237,0.015270678525091765,0.9083333333333334,0.03493442716266338,0.11011256738565856,0.002842802476009599,0.0014396886108442599,3.20256416277911e-05,,,0.00230719328660944,5.1323143634274745e-05,0.453216552734375,0.0
IMAD-DS RoboticArm raw-window,imadds_raw_noise_mild,CIRFL_v3_reference,5,0.3357340118494097,0.0026706867233985882,0.3357340118494097,0.0026706867233985882,0.4941937869822485,0.009824839196446868,0.5290001624926294,0.0015867951328717906,0.9974358974358974,0.0026816026491476687,0.0019230769230769197,0.002866753817307418,0.976923076923077,0.01269975176676855,0.0,0.0,0.5061910935677588,0.014738362560361236,0.811203675589357,0.023619170769809673,,,0.666,0.0
IMAD-DS RoboticArm raw-window,imadds_raw_noise_mild,IsolationForest,5,0.33671421172161564,0.00652083078571925,0.33671421172161564,0.00652083078571925,0.5078546186719263,0.048926316581397844,0.5076402706132208,0.039738874614490154,0.9955128205128204,0.008357951801541828,0.0064102564102564,0.01086911856270073,0.9551282051282051,0.020522834094336053,0.28819240820594133,0.010209597698100016,0.009791286825202338,0.0004820217682451116,0.015691164783978202,0.0007724707824440807,,,0.05,0.0
IMAD-DS RoboticArm raw-window,imadds_raw_noise_mild,LSTM-AE,5,0.34050901421530877,0.007015609621986422,0.34050901421530877,0.007015609621986422,0.5306089743589744,0.014087969901815997,0.5543313270334426,0.012765889015247112,0.9929487179487179,0.006165187199253695,0.0025641025641025598,0.001433376908653709,0.9666666666666668,0.009233884801851342,0.2056635621702298,0.005815932889335241,0.0025976052274927,6.593568045908193e-05,,,0.0041628288902127,0.00010566615458186677,0.0460014343261718,0.0
IMAD-DS RoboticArm raw-window,imadds_raw_noise_mild,LightGBM,5,0.8265988820277954,0.04503875499441984,0.8265988820277952,0.04503875499441981,0.9164406640368178,0.022775042707172944,0.9207463834864813,0.0205201952879374,0.23205128205128203,0.10227824748183406,0.1115384615384615,0.04367685488745683,0.39615384615384613,0.09126458346263795,0.20577915061730892,0.007290874514814853,0.0017602661857380997,2.353158974345229e-05,0.00282093940022134,3.7710880999076896e-05,,,1.0,0.0
IMAD-DS RoboticArm raw-window,imadds_raw_noise_mild,RandomForest,5,0.7475560496001498,0.037818127322988,0.7475560496001498,0.03781812732298796,0.8561082347140039,0.02674010283997637,0.8637280056368226,0.03324319373604566,0.3448717948717948,0.11131996724973138,0.15192307692307688,0.05718257724201879,0.5775641025641026,0.03754243708806748,0.2886471724370494,0.0064145148632662775,0.0546415079850703,0.0005226423440895787,0.08756651920684347,0.0008375678591179929,,,1.0,0.0
IMAD-DS RoboticArm raw-window,imadds_raw_noise_mild,USAD,5,0.37479540744658324,0.022498794412193466,0.3747954074465833,0.022498794412193466,0.5719551282051282,0.036966488184955945,0.5649892419661035,0.04365053174606794,0.9544871794871794,0.024134423842329143,0.02499999999999996,0.014225859628956481,0.9083333333333334,0.034266403233087425,0.15746877579949797,0.0027659216959192187,0.0021584599977358798,0.0002199895426001142,,,0.0034590705091921197,0.0003525473439104609,0.850128173828125,0.0
IMAD-DS RoboticArm raw-window,imadds_raw_noise_mild,XGBoost,5,0.7696450499910217,0.07146273551952874,0.7696450499910217,0.07146273551952868,0.8943047337278106,0.02503869530050627,0.9026379430509228,0.02374123883787005,0.34102564102564104,0.16329805801905367,0.10512820512820509,0.06220756701414915,0.48910256410256403,0.0834749782396525,0.17924171842169012,0.0038604327230995503,0.0015468833968043001,0.00014200790975918992,0.0024789798025709998,0.00022757677846018645,,,1.0,0.0
IMAD-DS RoboticArm raw-window,imadds_raw_noise_mild,condition_decoupled_residual_energy,5,0.33658749151637907,0.0035586950701019405,0.33658749151637907,0.0035586950701019405,0.5138375246548323,0.009556834412900766,0.5574358517800488,0.006061129147134336,0.9967948717948719,0.0032051282051281937,0.0012820512820512799,0.0017555210176447603,0.9717948717948717,0.011422134411029218,0.0,0.0,0.35766553198918694,0.0028268694123184802,0.5731819422903637,0.0045302394428180775,,,0.001,0.0
IMAD-DS RoboticArm raw-window,imadds_raw_noise_mild,raw_residual_energy,5,0.34121329039742837,0.006636533394134116,0.34121329039742837,0.006636533394134116,0.5305370644312952,0.014005327756217795,0.5543555358238091,0.012892696680957333,0.9923076923076923,0.00582240452711062,0.0025641025641025598,0.001433376908653709,0.966025641025641,0.0086597795423759,0.0,0.0,0.04784879297949368,0.0008615633663993914,0.07668075797995788,0.0013807105230759665,,,0.001,0.0
IMAD-DS RoboticArm raw-window,imadds_raw_noise_moderate,AutoEncoder,5,0.3784537479668087,0.020693811347235178,0.3784537479668087,0.020693811347235178,0.567728879026956,0.043794408055126854,0.5521136115839042,0.04338442319263596,0.9493589743589744,0.025580858896454974,0.030128205128205077,0.018771218544033713,0.9102564102564102,0.03284279091653715,0.10936037499923254,0.0024212926919148325,0.0015634475974365403,0.00015631815841886466,,,0.0025055249958919395,0.0002505098692609851,0.453216552734375,0.0
IMAD-DS RoboticArm raw-window,imadds_raw_noise_moderate,CIRFL_v3_reference,5,0.3350237329658551,0.002758935487065873,0.3350237329658551,0.002758935487065873,0.49263436883629197,0.008197216809586032,0.5286448390286471,0.002035054422256606,0.998076923076923,0.0028667538173074124,0.0019230769230769197,0.002866753817307418,0.9762820512820515,0.01168883495436568,0.0,0.0,0.48484142317902296,0.03363894733332059,0.7769894602227932,0.05390856944442402,,,0.666,0.0
IMAD-DS RoboticArm raw-window,imadds_raw_noise_moderate,IsolationForest,5,0.33865060585566925,0.010028137301498806,0.3386506058556692,0.010028137301498758,0.5070327909270216,0.0489024268952581,0.5086687597392975,0.03980237809162279,0.9929487179487179,0.01249589018565257,0.0096153846153846,0.014511835157271478,0.9487179487179487,0.020647594113341567,0.28828061141539363,0.00852450700383211,0.01005852040834718,0.001070889645486032,0.01611942373132566,0.0017161693036635024,,,0.05,0.0
IMAD-DS RoboticArm raw-window,imadds_raw_noise_moderate,LSTM-AE,5,0.34050901421530877,0.007015609621986422,0.34050901421530877,0.007015609621986422,0.5307055391190006,0.014059889295883587,0.5541772852546625,0.013258098753111458,0.9929487179487179,0.006165187199253695,0.0025641025641025598,0.001433376908653709,0.966025641025641,0.0086597795423759,0.19503797658253458,0.010245995640961524,0.00263727882411326,0.0001016661977470929,,,0.00422640837197642,0.00016292659895369763,0.0460014343261718,0.0
IMAD-DS RoboticArm raw-window,imadds_raw_noise_moderate,LightGBM,5,0.8078278840182179,0.04416118005559589,0.807827884018218,0.04416118005559588,0.9071560650887575,0.020367311225306488,0.9133757013213206,0.020311606224714653,0.24871794871794867,0.11779881778997325,0.13141025641025636,0.04628054191728735,0.4544871794871795,0.06027856930252877,0.20496041637379672,0.0035185679690709513,0.0018030051840468599,9.134872954130968e-05,0.00288943138469054,0.00014639219477772367,,,1.0,0.0
IMAD-DS RoboticArm raw-window,imadds_raw_noise_moderate,RandomForest,5,0.728931865039766,0.07028035221947462,0.728931865039766,0.07028035221947468,0.8491473537146614,0.03349195308698496,0.8607946355253964,0.03577967022133643,0.39102564102564097,0.1597106090166794,0.1333333333333333,0.06250410900365325,0.6269230769230769,0.042132504423474326,0.28813352340366694,0.002635254476616109,0.05484378258697684,0.0008958630442259579,0.08789067722271933,0.0014356779554902457,,,1.0,0.0
IMAD-DS RoboticArm raw-window,imadds_raw_noise_moderate,USAD,5,0.37199593694700867,0.019046046476579603,0.37199593694700867,0.01904604647657959,0.5715750328731098,0.036982567833653314,0.5646286881025917,0.043704851515503594,0.9576923076923076,0.020821002267835568,0.023717948717948682,0.014440872212908708,0.9096153846153847,0.03356979736609269,0.15739763441961255,0.0032409701710248255,0.00204971977509552,8.446627200406565e-05,,,0.0032848073318839004,0.00013536261539111188,0.850128173828125,0.0
IMAD-DS RoboticArm raw-window,imadds_raw_noise_moderate,XGBoost,5,0.7526229753600788,0.06474477959832171,0.7526229753600788,0.06474477959832171,0.8794810157790927,0.02665362552625022,0.890693561859587,0.024194835897357225,0.37179487179487175,0.1510836378127266,0.10705128205128198,0.054042301472596116,0.5384615384615385,0.07475579352365772,0.17416692578699436,0.0014815396045195035,0.00140293259173626,8.732008101499103e-05,0.0022482894098338002,0.00013993602726763334,,,1.0,0.0
IMAD-DS RoboticArm raw-window,imadds_raw_noise_moderate,condition_decoupled_residual_energy,5,0.33585739511516305,0.003849975578821534,0.33585739511516305,0.003849975578821534,0.513913543721236,0.009576333802087566,0.5575048960456076,0.006230427178392074,0.9967948717948719,0.0032051282051281937,0.00448717948717948,0.008357951801541844,0.9717948717948717,0.011422134411029218,0.0,0.0,0.3616562189999968,0.0018569812410278107,0.5795772740384564,0.0029759314760060963,,,0.001,0.0
IMAD-DS RoboticArm raw-window,imadds_raw_noise_moderate,raw_residual_energy,5,0.34050901421530877,0.007015609621986422,0.34050901421530877,0.007015609621986422,0.5308226495726496,0.013938512989399705,0.5543250795833108,0.01324326691739206,0.9929487179487179,0.006165187199253695,0.0025641025641025598,0.001433376908653709,0.966025641025641,0.0086597795423759,0.0,0.0,0.04803561638109382,0.0007797114770029346,0.07698015445688115,0.0012495376234021665,,,0.001,0.0
IMAD-DS RoboticArm raw-window,imadds_raw_source_to_target,AutoEncoder,5,0.3342876256934366,0.00213386258759977,0.3342876256934366,0.00213386258759977,0.5054859356420927,0.004453012753655581,0.5082353784987456,0.0028712150433239233,0.9991379310344828,0.0019276448081894653,0.0,0.0,0.9267241379310345,0.01655419342213061,0.10317766261287029,0.0027991475813782707,0.002229965198785,0.00041600412768565316,,,0.0024029797400700595,0.0004482803100060639,0.453216552734375,0.0
IMAD-DS RoboticArm raw-window,imadds_raw_source_to_target,CIRFL_v3_reference,5,0.33275682534285445,0.0010420644271626352,0.33275682534285445,0.0010420644271626352,0.4794608353151011,0.0,0.5131517189029322,0.0,1.0,0.0,0.00258620689655172,0.004672302454456631,0.9870689655172413,1.2412670766236366e-16,0.0,0.0,0.4689342294353992,0.011700240446622804,0.5053170575812491,0.012608017722653924,,,0.666,0.0
IMAD-DS RoboticArm raw-window,imadds_raw_source_to_target,IsolationForest,5,0.349016525322641,0.03268508612129174,0.34901652532264105,0.03268508612129176,0.48376003269916756,0.013306515167005031,0.4880007421146213,0.01282612913188952,0.9758620689655173,0.05157575699753911,0.027586206896551717,0.060487055296995426,0.9612068965517242,0.009757958122992893,0.2864348764065653,0.010677581335195495,0.0099719955818727,0.0002566975611221743,0.01074568489425938,0.00027661375120926725,,,0.05,0.0
IMAD-DS RoboticArm raw-window,imadds_raw_source_to_target,LSTM-AE,5,0.3456281216875218,0.0020907006624030834,0.3456281216875218,0.0020907006624030834,0.5423779354934603,7.456263514335575e-05,0.579947186036504,0.00012032993596329642,0.988362068965517,0.0019276448081893662,0.0021551724137931,0.0,0.9698275862068966,0.0,0.19893462858162816,0.0033915782081474595,0.0038465687772258604,0.0004094508666817635,,,0.00414500945821752,0.00044121860633810093,0.0460014343261718,0.0
IMAD-DS RoboticArm raw-window,imadds_raw_source_to_target,LightGBM,5,0.6665187866847749,0.03827095270733845,0.6665187866847749,0.03827095270733842,0.7654619686385257,0.02419319434965098,0.8135943877416262,0.02432730660183768,0.3875,0.09183411947313196,0.275,0.024316228806152324,0.8482758620689654,0.020136739011720813,0.1976944498252123,0.003788450386621017,0.001777481008321,7.687298819264957e-05,0.00191538901758728,8.283727175933161e-05,,,1.0,0.0
IMAD-DS RoboticArm raw-window,imadds_raw_source_to_target,RandomForest,5,0.6187959378719128,0.046206296584738904,0.6187959378719128,0.046206296584738904,0.746434675980975,0.011849023636012345,0.7918906004811138,0.010700924123273978,0.5064655172413792,0.12830065574256225,0.2353448275862069,0.05771678876300173,0.8715517241379309,0.02824838341001886,0.27948598442599176,0.0049471748161515686,0.05797090621199454,0.005902218078206353,0.06246864893533897,0.006360148791170624,,,1.0,0.0
IMAD-DS RoboticArm raw-window,imadds_raw_source_to_target,USAD,5,0.3333333333333333,0.0,0.3333333333333333,0.0,0.5224918252080856,0.00436594103219373,0.529600658718064,0.004505658829831005,1.0,0.0,0.0,0.0,0.9344827586206896,0.008701133292321623,0.15344337581191206,0.001059587794708158,0.00289159703534092,0.00014725417107615268,,,0.00311594508118634,0.0001586790636596746,0.850128173828125,0.0
IMAD-DS RoboticArm raw-window,imadds_raw_source_to_target,XGBoost,5,0.6305786764250987,0.02985758728921074,0.6305786764250987,0.029857587289210785,0.7394944634363853,0.011368857501715813,0.804148027521423,0.011367715775745729,0.45,0.06757762964574487,0.2823275862068965,0.018850060004887814,0.9245689655172414,0.029432112680490646,0.1666862067999318,0.0011983337749608253,0.00137225904036308,4.173465025922304e-05,0.00147872741418438,4.497268346900956e-05,,,1.0,0.0
IMAD-DS RoboticArm raw-window,imadds_raw_source_to_target,condition_decoupled_residual_energy,5,0.34406286918948303,0.00780775775910196,0.34406286918948303,0.00780775775910196,0.5254997770511297,0.038012823264943284,0.5636290146208334,0.03695676489053412,0.9896551724137932,0.007680400724657475,0.00258620689655172,0.003541309639042016,0.9750000000000002,0.01156586884913684,0.0,0.0,0.37116650699172166,0.004521400798480263,0.3999639083962518,0.004872199136293359,,,0.001,0.0
IMAD-DS RoboticArm raw-window,imadds_raw_source_to_target,raw_residual_energy,5,0.3456281216875218,0.0020907006624030834,0.3456281216875218,0.0020907006624030834,0.5424996284185494,0.0,0.5801565823255757,0.0,0.988362068965517,0.0019276448081893662,0.0021551724137931,0.0,0.9698275862068966,0.0,0.0,0.0,0.04734725479502226,0.0015412969895592292,0.0510207487015326,0.001660880376680235,,,0.001,0.0
IMAD-DS RoboticArm segment-level,imadds_segment_label_efficiency,IsolationForest,5,0.46249338945079677,0.054354553966950825,0.46249338945079677,0.054354553966950866,0.5370479947403024,0.1287054982943972,0.5138002973245387,0.07966044605024501,0.8487179487179487,0.06371678789635474,0.0538461538461538,0.030608554836700826,0.8461538461538461,0.06844280930789305,0.1638105717953294,0.0081338263369365,0.0066329221939667605,0.0014195909938107185,0.04251873201260768,0.009099942268017278,,,0.05,0.0
IMAD-DS RoboticArm segment-level,imadds_segment_label_efficiency,LightGBM,5,0.9448424270074047,0.021578915941746976,0.9448424270074047,0.021578915941746976,0.9889217619986852,0.005800264369526836,0.9903832720783482,0.004911908979229931,0.051282051282051225,0.03737789676182883,0.058974358974358945,0.02328961810844225,0.08717948717948716,0.056903438515826,0.09105050356592977,0.004420656430040938,0.0014407628215849,5.022452023162087e-05,0.00923565911272392,0.00032195205276679963,,,1.0,0.0
IMAD-DS RoboticArm segment-level,imadds_segment_label_efficiency,RandomForest,5,0.9421944649439817,0.03321027051427411,0.9421944649439815,0.033210270514274144,0.986620644312952,0.007087376908502324,0.986933056853767,0.006473605757171889,0.051282051282051246,0.02027101064210501,0.06410256410256406,0.06599762910889105,0.07948717948717944,0.04998356074261007,0.16232447137590494,0.04838242394067089,0.03589727540966118,0.00507676213609483,0.23011073980552071,0.03254334702624899,,,1.0,0.0
IMAD-DS RoboticArm segment-level,imadds_segment_label_efficiency,XGBoost,5,0.9100952477372999,0.02857307718381348,0.9100952477372999,0.02857307718381348,0.9733399079552925,0.006905700737272861,0.9775018584985595,0.004944135542991892,0.10256410256410253,0.058047340629085994,0.07692307692307687,0.031403714651066415,0.22051282051282048,0.09822554517629718,0.045197421172633714,0.0008607872889020813,0.00126173342578108,3.813427998739069e-05,0.00808803478064822,0.00024445051273952955,,,1.0,0.0
IMAD-DS RoboticArm segment-level,imadds_segment_leave_target_weight35_out,IsolationForest,5,0.3333333333333333,0.0,0.3333333333333333,0.0,0.8131492439184747,0.058531492819661225,0.831794261106863,0.05061262825134213,1.0,0.0,0.0,0.0,0.8205128205128205,0.10256410256410262,0.1655285609653219,0.007573060259229835,0.0053845533635467,0.00039488607980703246,0.06903273543008621,0.005062642048808088,,,0.05,0.0
IMAD-DS RoboticArm segment-level,imadds_segment_leave_target_weight35_out,LightGBM,5,0.41052867111826463,0.1491094569661577,0.41052867111826463,0.14910945696615774,0.467061143984221,0.17392382330511214,0.5053846459450131,0.1515761572525234,0.17435897435897435,0.0777730814774518,0.8358974358974359,0.23888850664312034,0.9846153846153847,0.022934030538459344,0.08640655197668816,0.0026402353917608094,0.00134563278406854,7.689104803121756e-05,0.0172517023598536,0.0009857826670670005,,,1.0,0.0
IMAD-DS RoboticArm segment-level,imadds_segment_leave_target_weight35_out,RandomForest,5,0.3212021361492311,0.012286808030211385,0.3212021361492311,0.012286808030211385,0.415844838921762,0.0892621462468212,0.4569719796273037,0.04165338143901875,0.07179487179487176,0.08581128477272568,0.9948717948717949,0.01146701526922965,0.9076923076923078,0.08229131556862163,0.14364822739735242,0.0035186530848770672,0.03686665240675208,0.0066045849899469935,0.47264938983015525,0.08467416653778205,,,1.0,0.0
IMAD-DS RoboticArm segment-level,imadds_segment_leave_target_weight35_out,XGBoost,5,0.2945283526514116,0.029075550607972896,0.2945283526514116,0.029075550607972896,0.45082182774490465,0.07669466303957984,0.4492402499746776,0.04212762213222124,0.19487179487179487,0.1376041832307563,0.9897435897435898,0.014044168141158055,0.953846153846154,0.03803178711331109,0.046229852992109896,0.0013509339433645554,0.00126181081868704,4.528681430978538e-05,0.01617706177803944,0.0005806001834587812,,,1.0,0.0
IMAD-DS RoboticArm segment-level,imadds_segment_main_binary,IsolationForest,5,0.46249338945079677,0.054354553966950825,0.46249338945079677,0.054354553966950866,0.5370479947403024,0.1287054982943972,0.5138002973245387,0.07966044605024501,0.8487179487179487,0.06371678789635474,0.0538461538461538,0.030608554836700826,0.8461538461538461,0.06844280930789305,0.1662027569953352,0.005645995399137258,0.00604052201379088,0.0006206568081267212,0.03872129496019806,0.003978569282863547,,,0.05,0.0
IMAD-DS RoboticArm segment-level,imadds_segment_main_binary,LightGBM,5,0.9448424270074047,0.021578915941746976,0.9448424270074047,0.021578915941746976,0.9889217619986852,0.005800264369526836,0.9903832720783482,0.004911908979229931,0.051282051282051225,0.03737789676182883,0.058974358974358945,0.02328961810844225,0.08717948717948716,0.056903438515826,0.09289333580527451,0.006820801574187042,0.0014097011648117799,4.7594691741870706e-05,0.00903654592828104,0.0003050941778324299,,,1.0,0.0
IMAD-DS RoboticArm segment-level,imadds_segment_main_binary,RandomForest,5,0.9421944649439817,0.03321027051427411,0.9421944649439815,0.033210270514274144,0.986620644312952,0.007087376908502324,0.986933056853767,0.006473605757171889,0.051282051282051246,0.02027101064210501,0.06410256410256406,0.06599762910889105,0.07948717948717944,0.04998356074261007,0.14374165900517252,0.0037136954565816747,0.04923163999337698,0.010677594361765661,0.31558743585498095,0.06844611770362587,,,1.0,0.0
IMAD-DS RoboticArm segment-level,imadds_segment_main_binary,XGBoost,5,0.9100952477372999,0.02857307718381348,0.9100952477372999,0.02857307718381348,0.9733399079552925,0.006905700737272861,0.9775018584985595,0.004944135542991892,0.10256410256410253,0.058047340629085994,0.07692307692307687,0.031403714651066415,0.22051282051282048,0.09822554517629718,0.04485112298279996,0.0013753120198519327,0.0013390144100412001,6.096064538252687e-05,0.00858342570539272,0.0003907733678367028,,,1.0,0.0
IMAD-DS RoboticArm segment-level,imadds_segment_raw_vs_segment_comparison,IsolationForest,5,0.46249338945079677,0.054354553966950825,0.46249338945079677,0.054354553966950866,0.5370479947403024,0.1287054982943972,0.5138002973245387,0.07966044605024501,0.8487179487179487,0.06371678789635474,0.0538461538461538,0.030608554836700826,0.8461538461538461,0.06844280930789305,0.16338207959197457,0.00922776218207931,0.005532627389766219,0.0005252120553054743,0.03546556019080944,0.003366743944265955,,,0.05,0.0
IMAD-DS RoboticArm segment-level,imadds_segment_raw_vs_segment_comparison,LightGBM,5,0.9448424270074047,0.021578915941746976,0.9448424270074047,0.021578915941746976,0.9889217619986852,0.005800264369526836,0.9903832720783482,0.004911908979229931,0.051282051282051225,0.03737789676182883,0.058974358974358945,0.02328961810844225,0.08717948717948716,0.056903438515826,0.09867022640537466,0.007174082206544571,0.0014938133768737,0.00015676185043716698,0.00957572677483158,0.0010048836566484585,,,1.0,0.0
IMAD-DS RoboticArm segment-level,imadds_segment_raw_vs_segment_comparison,RandomForest,5,0.9421944649439817,0.03321027051427411,0.9421944649439815,0.033210270514274144,0.986620644312952,0.007087376908502324,0.986933056853767,0.006473605757171889,0.051282051282051246,0.02027101064210501,0.06410256410256406,0.06599762910889105,0.07948717948717944,0.04998356074261007,0.1423892236081883,0.005617137607504804,0.04224663919303562,0.004871587821431509,0.27081178969894654,0.031228127060458362,,,1.0,0.0
IMAD-DS RoboticArm segment-level,imadds_segment_raw_vs_segment_comparison,XGBoost,5,0.9100952477372999,0.02857307718381348,0.9100952477372999,0.02857307718381348,0.9733399079552925,0.006905700737272861,0.9775018584985595,0.004944135542991892,0.10256410256410253,0.058047340629085994,0.07692307692307687,0.031403714651066415,0.22051282051282048,0.09822554517629718,0.04502780400216576,0.002152490462053603,0.0012914204038679401,2.1234144344064577e-05,0.00827833592223048,0.00013611630989786085,,,1.0,0.0
IMAD-DS RoboticArm segment-level,imadds_segment_source_to_target,IsolationForest,5,0.3333333333333333,0.0,0.3333333333333333,0.0,0.5074167657550535,0.036731099866543375,0.46530643200791905,0.0193251321974597,1.0,0.0,0.0,0.0,0.8586206896551725,0.06553992347844215,0.16668740739114582,0.007907027000450888,0.00616395219694816,0.0002859047497073781,0.026568759469604398,0.001232348059083474,,,0.05,0.0
IMAD-DS RoboticArm segment-level,imadds_segment_source_to_target,LightGBM,5,0.6281469979023917,0.1259865047415878,0.6281469979023917,0.1259865047415878,0.7960166468489893,0.05715896640175983,0.8676360165474912,0.034089194103298893,0.4793103448275862,0.27522825896030567,0.2327586206896551,0.09324701574475837,0.9517241379310345,0.04937179676991847,0.08474390418268737,0.002065031568051551,0.00140873480122534,6.457233230727194e-05,0.00607213276390238,0.0002783290185659219,,,1.0,0.0
IMAD-DS RoboticArm segment-level,imadds_segment_source_to_target,RandomForest,5,0.5632851608564895,0.04786506763630952,0.5632851608564895,0.04786506763630952,0.7088659334126041,0.020642561953947796,0.8160098298741714,0.023296566562866362,0.5379310344827586,0.09135490890854452,0.3224137931034482,0.013073923179399214,0.9517241379310345,0.024835966018772266,0.14227028200402853,0.0025757483353781455,0.045285729621537,0.0005599911885507576,0.19519711043765958,0.0024137551230636106,,,1.0,0.0
IMAD-DS RoboticArm segment-level,imadds_segment_source_to_target,XGBoost,5,0.6419806152673301,0.09230661232109841,0.6419806152673301,0.09230661232109841,0.7739595719381688,0.02665450640908377,0.84379803707269,0.01898769721503589,0.4534482758620689,0.2183094978714392,0.2362068965517241,0.11446380192034274,0.903448275862069,0.044960016587604526,0.04855767653789364,0.004798616836653463,0.00141448022332038,0.00014578885840628742,0.006096897514312119,0.0006284002517512057,,,1.0,0.0
